project_id,reviewer_id,review_text,review_type
P6,R1,Impressive idea. Lacks stakeholder input.,human
P2,R1,Ethics and privacy are underdeveloped.,human
P10,R1,"The impact potential is strong, but unclear implementation.",human
P2,R2,Impressive idea. Lacks stakeholder input.,human
P2,R2,"Feasibility is high, but needs stronger ethical design.",human
P4,R2,Scalability could be a challenge in low-infra environments.,human
P5,R3,"Great use of AI, but not inclusive.",human
P10,R3,Impressive idea. Lacks stakeholder input.,human
P4,R3,"Feasibility is high, but needs stronger ethical design.",human
P2,R4,"Limited novelty, but practical and well scoped.",human
P3,R4,"Feasibility is high, but needs stronger ethical design.",human
P9,R4,Impressive idea. Lacks stakeholder input.,human
P3,R5,Ethics and privacy are underdeveloped.,human
P3,R5,Impressive idea. Lacks stakeholder input.,human
P2,R5,"Limited novelty, but practical and well scoped.",human
P6,R6,Scalability could be a challenge in low-infra environments.,human
P7,R6,Ethics and privacy are underdeveloped.,human
P6,R6,"Strong UX, but lacks technical depth.",human
P5,R7,"The impact potential is strong, but unclear implementation.",human
P1,R7,"The impact potential is strong, but unclear implementation.",human
P4,R7,Very innovative. Needs clearer governance.,human
P2,R8,"Feasibility is high, but needs stronger ethical design.",human
P10,R8,"Limited novelty, but practical and well scoped.",human
P7,R8,Impressive idea. Lacks stakeholder input.,human
P9,R9,Very innovative. Needs clearer governance.,human
P5,R9,"Limited novelty, but practical and well scoped.",human
P2,R9,Very innovative. Needs clearer governance.,human
P8,R10,"Limited novelty, but practical and well scoped.",human
P3,R10,Scalability could be a challenge in low-infra environments.,human
P10,R10,"Great use of AI, but not inclusive.",human
P1,groq-llm,"Here is my evaluation of the ""AI Mental Health Bot"" project:

The ""AI Mental Health Bot"" project demonstrates a promising concept, leveraging AI to support mental health. In terms of feasibility, the project's technical implementation appears sound, utilizing established AI frameworks to power the bot's conversational capabilities. Scalability is also a strong suit, as the bot can be easily integrated into various platforms and made accessible to a large audience. Nevertheless, I do have concerns regarding ethics. While the bot's ability to provide immediate support is valuable, it raises questions about the potential for misdiagnosis or inadequate support, particularly in crisis situations. To fully address these concerns, the team should consider consulting with mental health professionals are involved in the bot's development and ensuring clear guidelines are in place for when human intervention is necessary.",human
P2,groq-llm,"The ""Climate Impact Visualizer"" project demonstrates a commendable effort to tackle a pressing environmental issue. In terms of feasibility, the project's reliance on existing climate data sources and visualization libraries makes it a relatively achievable goal, especially given the 24-hour hackathon timeframe. Scalability is where it falls slightly short, as the current implementation may not be able to handle large datasets or high traffic, which could limit its real-world impact. From an ethical standpoint, I appreciate the project's transparency in data sourcing and visualization methods, which helps maintain the integrity of the presented information. However, it would be beneficial to include features that encourage users to take actionable steps to reduce their carbon footprint, rather than simply presenting the data in a visually appealing manner.",human
P3,groq-llm,"Here's my review of the ""Accessible Voting App"":

The ""Accessible Voting App"" project demonstrates a commendable understanding of the complexities in the political domain. The app's design, which incorporates features such as audio guidance, high contrast mode, and multi-language support, showcases a clear commitment to accessibility. In terms of feasibility, I believe the development of the app is realistic, given the availability of existing technologies that can be leveraged. However, the scalability of the app raises some concerns, as it would require significant investment to ensure the app's security, reliability, and performance can handle large volumes of users and votes. From an ethics perspective, the app's potential to increase voter turnout among underrepresented groups is substantial positive impact. Nevertheless, the project must carefully consider the risk of voter fraud and ensure the app's design prioritizes the integrity of the voting process. Overall, the project's strengths lie in its thoughtful design and feasibility, but it would benefit from further exploration of its scalability and potential risks.",human
P4,groq-llm,"Here is my evaluation of the Telemedicine Tracker project:

The Telemedicine Tracker project demonstrates a promising solution for tracking and managing telemedicine appointments and patient data. In terms of feasibility, I believe the project is well-suited to address a pressing need in the healthcare space, and the team has presented a clear and achievable vision for implementation. Scalability is also a strong suit, as the design appears to be adaptable to various healthcare systems and patient populations. However, I do have some concerns regarding ethics, particularly around data privacy and security. The team must prioritize robust encryption and consent protocols to ensure patient data is protected and compliant with relevant regulations such as HIPAA. With further development and attention to these ethical considerations, the Telemedicine Tracker has the potential to significantly impact the healthcare industry.",human
P5,groq-llm,"Here's my review of the ""Smart Farming Platform"" project:

The ""Smart Farming Platform"" demonstrates a commendable understanding of the agricultural sector and the potential of AI integration. In terms of feasibility, I believe the project is well-executed, with a clear problem statement and a functional prototype that showcases the platform's capabilities. However, I have some concerns regarding scalability, as the project's reliance on IoT devices and data processing may lead to infrastructure and cost limitations when expanding to larger farms or diverse geographical locations. From an ethical perspective, I appreciate the team's consideration of data privacy and security, but I would like to see more transparency and accountability measures in place to ensure that farmers' data is protected and utilized solely for their benefit. Overall, the project shows promise, but the team should address these concerns to create a more robust and sustainable solution.",human
P6,groq-llm,"Here's my review of the ""EdTech Learning Hub"" project:

The ""EdTech Learning Hub"" showcases a promising idea, but its feasibility is hindered by the complexity of integrating AI-driven adaptive learning pathways with existing educational infrastructure. While the concept is sound, the team would need to navigate significant technical and bureaucratic hurdles to bring this project to fruition. On the scalability front, the project's potential to reach a wide audience is undeniable, particularly if the team can develop a modular, cloud-based architecture that can be easily replicated and customized for diverse educational settings. From an ethical perspective, the project raises important questions about bias in AI-driven learning systems and the potential for exacerbating existing educational disparities. The team must prioritize transparency, inclusivity, and equity in their design and implementation to ensure that this innovative solution benefits all learners it aims to support.",human
P7,groq-llm,"Here is my evaluation of ""Biodiversity Watch"":

The 'Biodiversity Watch' project demonstrates a commendable effort to monitor and conserve ecosystems. In terms of feasibility, I appreciate the team's pragmatic approach to leveraging existing sensor technologies and open-source software to collect and analyze biodiversity data. However, I do question the feasibility of scaling this project to diverse geographical regions, considering the varying regulatory environments and logistical challenges of deploying and maintaining sensor networks. On the ethics front, I applaud the team's emphasis on collaborating with local communities and ensuring that the project benefits indigenous populations. Nevertheless, I would like to see more consideration given to the potential risks associated with data collection, such as unintended consequences on sensitive ecosystems or misuse of data by external parties. Overall, while ""Biodiversity Watch"" has some promising elements, it requires further development to ensure its long-term viability and ethical integrity.",human
P8,groq-llm,"Here is my evaluation of the ""Policy Feedback Analyzer' project:

The ""Policy Feedback Analyzer"" project demonstrates a promising approach to leveraging AI in the politics domain. In terms of feasibility, the project's technical components, such as natural language processing and machine learning algorithms, are well-established and readily available. However, the project's success will depend on the quality and availability of policy documents and citizen feedback data, which may pose challenges. Regarding scalability, the project relies on cloud-based infrastructure, it has the potential to handle large volumes of data and user traffic. Nevertheless, the project's reliance on manual data annotation and curation may limit its ability to scale efficiently. From an ethical perspective, the project raises important questions about bias, and fairness in policy analysis, and it is crucial that the team considers these issues proactively to ensure that the system does not perpetuate existing social inequalities. Overall, the project shows promise, but it requires careful attention to data quality, and scalability to achieve its full potential.",human
P9,groq-llm,"Here is my evaluation of the ""Urban Noise Mapper"" project:

The ""Urban Noise Mapper"" project demonstrates a promising concept that tackles a pressing urban environmental issue. From a feasibility standpoint, the project's reliance on existing noise-sensing technologies and open-source mapping tools makes it a viable solution that can be developed within a short timeframe. Scalability is also a strong suit, as the project's crowdsourced approach can be easily replicated in various cities, allowing for a comprehensive understanding of urban noise pollution. However, from an ethical perspective, it is crucial to address potential privacy concerns related to data collection and ensure that the project's data management strategy prioritizes anonymity and informed consent from participants, thereby safeguarding individual privacy while promoting a greater good.",human
P10,groq-llm,"Here is my evaluation of the ""Privacy Dashboard"" project:

The ""Privacy Dashboard"" project demonstrates a commendable effort to provide users with a centralized interface to manage their online privacy settings. In terms of feasibility, the project's focus on aggregating privacy controls from various online services is well-conceived, and the implementation appears to be well-executed. Scalability-wise, the dashboard's modular design should allow it to accommodate additional services and features in the future. However, from an ethical perspective, I have some concerns regarding the potential for the dashboard to inadvertently create a single point of failure for user privacy, amplifying the risks associated with a potential compromise. To mitigate this risk, the team should consider implementing robust access controls, encryption, and secure data storage practices to safeguard user information.",human
P1,groq-llm,"Here is my review of the ""AI Mental Health Bot"" project:

The ""AI Mental Health Bot"" project demonstrates a commendable attempt to leverage AI in addressing mental health concerns. In terms of feasibility, the project's concept is well-defined, and the team has made a good start in developing a conversational AI interface. However, the project's feasibility is limited by the complexity of integrating AI-driven mental health assessments and interventions, which may require more comprehensive expertise in psychology and psychiatry. Scalability is a significant concern, as the project's current scope is narrow, and it would require significant investment to develop a robust and reliable AI model that can handle diverse user inputs and provide personalized support. From an ethics perspective, the project raises concerns around ensuring user data privacy, avoiding biases in AI-driven assessments, and providing adequate resources for users who may be in crisis. To take this project forward, the team should prioritize collaboration with mental health experts, conduct rigorous testing and validation, and ensure transparency in their AI model development.",human
P2,groq-llm,"Here is my review of the ""Climate Impact Visualizer"" project:

The ""Climate Impact Visualizer"" project demonstrates a strong feasibility score, as it leverages widely available climate datasets and visualization libraries to create an interactive experience. The project's focus on simplifying complex climate data into an engaging visual representation is well-executed, making it accessible to a broad audience. However, the project's scalability is somewhat limited by its reliance on specific data sources and visualization tools, which could hinder its adaptability to diverse datasets or integration with other environmental monitoring systems. From an ethical standpoint, the project raises important questions about the potential for misinterpretation or manipulation of climate data, particularly if the visualization is not accompanied by sufficient context or explanations. To mitigate this risk, the project would benefit from incorporating features that promote transparency, accuracy, and accountability in its data presentation and user interface.",human
P3,groq-llm,"**Accessible Voting App Review**

This project showcases a commendable effort to bridge the gap in inclusivity in the political sphere. From a feasibility standpoint, the team has demonstrated a good understanding of the technical requirements to develop an accessible voting system, incorporating features such as text-to-speech, high contrast mode, and screen reader compatibility. However, the implementation appears to be limited to a specific geographic region, which might restrict its broader applicability.

Scalability is a concern, as the current architecture may not be able to handle a large volume of users, potentially leading to performance issues and security vulnerabilities. To address this, the team should consider deploying a cloud-based infrastructure and implementing load balancing techniques to ensure seamless user experiences.

From an ethical perspective, the project raises important questions about the potential biases in AI-driven accessibility features and the risk of disenfranchising certain groups. For instance, the text-to-speech voices and languages supported may inadvertently favor certain demographics over others. The team must engage in a more nuanced discussion around these issues and implement measures to mitigate any potential biases, ensuring that the app truly promotes equal access to voting opportunities.",human
P4,groq-llm,"Here is my review of the ""Telemedicine Tracker"" project:

The ""Telemedicine Tracker"" project demonstrates a promising solution for the healthcare industry. In terms of feasibility, the project's concept of creating a platform to track and manage telemedicine appointments, patient records, and medication schedules is well-thought-out and achievable. The team has likely conducted thorough research on existing telemedicine platforms and their limitations, and has identified a gap in the market. The project's technical requirements, such as the use of APIs for integration with existing electronic health records (EHRs) and telemedicine platforms, are realistic and can be accomplished with the right technical expertise. 

In terms of scalability, the project has potential for widespread adoption, particularly in rural or underserved areas where access to healthcare is limited. The platform's ability to handle a large volume of patients and data will depend on the team's decisions regarding infrastructure, data storage, and security. With careful planning and consideration of these factors, the project can be scaled to accommodate a large user base.

From an ethical standpoint, the project raises several important considerations. The team must ensure that the platform is HIPAA-compliant and prioritizes patient data privacy and confidentiality. Additionally, the team should consider the potential impact on marginalized communities, such as those with limited access to technology or digital literacy. Overall, with careful attention to feasibility, scalability, and ethics, the ""Telemedicine Tracker"" project has the potential to make a significant positive impact.",human
P5,groq-llm,"Here is my evaluation of the ""Smart Farming Platform"" project:

The ""Smart Farming Platform"" project demonstrates a commendable effort to leverage technology to improve agricultural practices. From a feasibility perspective, the project's use of machine learning algorithms to analyze soil conditions, weather patterns, and crop health appears well-conceived and implementable. The proposed platform's ability to provide real-time insights and recommendations to farmers' decision-making processes is a significant value-add. In terms of scalability, the project's cloud-based infrastructure and API-centric design suggest a strong potential for expansion to diverse geographic regions and farming systems. However, I do have some concerns regarding the project's ethical considerations. Specifically, the potential for biased algorithmic decision-making and the need for transparent data ownership and governance models are areas that require further attention. Overall, this project shows great promise, but it is essential to address these ethical concerns to ensure that the platform benefits both farmers and the environment in a responsible and equitable manner.",human
P6,groq-llm,"Here is my review of the ""EdTech Learning Hub"" project:

The ""EdTech Learning Hub"" project showcases a commendable effort in leveraging AI to create a personalized education experience. From a feasibility standpoint, the project demonstrates a clear understanding of the technical requirements, with a well-structured architecture that integrates AI-driven learning pathways. However, the implementation could benefit from a more robust testing framework to ensure the AI models are accurate and unbiased. In terms of scalability, the project's cloud-based infrastructure is well-equipped to handle increased user traffic, but it would be essential to develop a comprehensive data management strategy to ensure seamless data processing and storage. From an ethical perspective, the project raises important questions around data privacy and student consent, which need to be explicitly addressed to ensure that the AI-driven learning environment is transparent, fair, and respectful of their rights. Overall, while the project demonstrates promising potential, it requires further refinement to address these critical feasibility, scalability, and ethical concerns.",human
P7,groq-llm,"Here is my review of the ""Biodiversity Watch"" project:

The ""Biodiversity Watch"" demonstrates a commendable understanding of the environmental and ecological domains. In terms of feasibility, I appreciate the project's focus on a specific pain point - monitoring biodiversity loss - and its proposed solution, a mobile application that leverages AI-powered species identification and citizen science engagement. While the idea is sound, I deduct points for the lack of detail on the technical implementation and potential data quality control measures. To improve, the team should provide more insight into the app's architecture, data storage, and user feedback mechanisms. Scalability-wise, the project has potential, particularly if integrated with existing conservation efforts and expanded to diverse geographic regions. However, the team must consider the need for localized content, language support, and adaptability to varying environmental conditions. On the ethics front, I applaud the project's commitment to transparency, open-source code, and responsible data handling. To further strengthen the ethical foundation, I suggest the team establish clear guidelines for data sharing and collaboration with stakeholders, ensuring that the project's benefits are equitably distributed. Overall, ""Biodiversity Watch"" has promising potential, but needs refinement in its technical and scalability aspects to fully realize its impact.",human
P8,groq-llm,"Here is my review of the ""Policy Feedback Analyzer"" project:

The ""Policy Feedback Analyzer"" project presents a promising solution for analyzing and providing feedback on policy-making process. From a feasibility standpoint, the project's reliance on natural language processing (NLP) and machine learning algorithms makes it a viable approach for parsing and understanding policy documents. The project's potential to provide real-time feedback to policymakers and stakeholders is a significant advantage. In terms of scalability, the project's design suggests that it could be adapted to handle large volumes of policy documents and feedback from various stakeholders, making it a scalable solution. From an ethics perspective, it is crucial to ensure that the NLP algorithms are free from biases and do not perpetuate existing social and political inequalities. The project must also address concerns around data privacy and security, particularly when handling feedback from stakeholders. Overall, with careful attention to ethics and bias mitigation, the ""Policy Feedback Analyzer"" project has the potential to make a significant impact in the policy-making process.",human
P9,groq-llm,"Here's my review of the ""Urban Noise Mapper"" project:

The Urban Noise Mapper project demonstrates a commendable understanding of the environmental and urban domains. In terms of feasibility, the project's reliance on crowdsourced noise level data collection using mobile devices is a practical approach. However, the project's success hinges on the development of an accurate noise mapping algorithm and a user-friendly mobile application, which may require significant resources and technical expertise. Scalability is a concern, as the effectiveness of the noise mapping algorithm and data quality may degrade as the project expands to larger cities or diverse urban environments. From an ethics perspective, the project raises important considerations around data privacy and potential biases in crowdsourced data. For instance, the project must ensure that noise level data is anonymized and aggregated to protect individual privacy, and that the algorithm does not perpetuate existing social or economic biases in urban planning decisions. Overall, with careful attention to technical, scalability, and ethical considerations, the Urban Noise Mapper project has the potential to make a meaningful impact in urban environmental planning.",human
P10,groq-llm,"Here is my review:

The ""Privacy Dashboard"" project demonstrates a commendable effort to empower individuals with control over their personal data. In terms of feasibility, I appreciate the team's ability to conceptualize and prototype a user-friendly interface for users to monitor and manage their data trails. The dashboard's features, such as data categorization and opt-out options, are well-thought-out and align with emerging privacy regulations. However, I deduct points for the lack of technical details on how the dashboard would integrate with various data sources and systems, which raises concerns about the project's scalability. Furthermore, from an ethical standpoint, I appreciate the team's commitment to privacy and data minimization. Nevertheless, I would like to see more nuance in addressing potential biases in data collection and processing, as well as more explicit consideration of vulnerable populations' privacy needs. Overall, while the project shows promise, it requires more development and refinement to fully address the complexities of privacy and security in the digital age.",human
P1,groq-llm,"Here's my review of the ""AI Mental Health Bot"" project:

This project has immense potential, but also raises several concerns. In terms of feasibility, the project's ambition to create an AI-powered mental health chatbot is commendable, but the complexity of mental health issues may be difficult to fully capture and address through a chatbot alone. While AI can certainly aid in initial screenings and provide support, human intervention and oversight will still be necessary to ensure accurate diagnoses and effective treatment plans. Scalability-wise, the project's reliance on AI may make it more accessible to a wider audience, but the need for continuous training and updating of the AI model to ensure its effectiveness and avoid biases may prove challenging. Ethically, the project must prioritize user privacy and confidentiality, ensuring that sensitive health information is protected and used solely for the purpose of providing support. Furthermore, the project must also consider the risk of misdiagnosis or inadequate support, and establish clear guidelines for when to escalate cases to human professionals. Overall, while the project has potential, it requires careful consideration of these feasibility, scalability, and ethical concerns to truly make a positive impact in the mental health space.",groq-llm
P2,groq-llm,"The ""Climate Impact Visualizer"" project is a commendable effort in the domains of Environment and Visualization. 

In terms of feasibility, I would rate it 8/10. The project's concept of creating an interactive platform to visualize the impact of climate change on local communities is well-defined and achievable with the given timeframe. The team has demonstrated a good understanding of the problem statement and has proposed a feasible solution. However, I have some concerns about the complexity of integrating real-time climate data and the scalability of the platform.

Scalability is a concern, and I would rate it 6/10. While the project has the potential to be scaled up to accommodate a larger user base, I am unsure about the team's ability to handle the increased load and data processing requirements. The team needs to provide more details on their infrastructure and data management strategies to alleviate these concerns.

From an ethics perspective, I would rate the project 9/10. The project's goal of raising awareness about climate change and promoting sustainable practices aligns well with the principles of environmental ethics. The team has demonstrated a commitment to responsible data handling and has considered the potential social impact of their project. However, I would like to see more details on how the team plans to ensure data privacy and prevent any potential misuse of the platform.",groq-llm
P3,groq-llm,"Here is my review of the ""Accessible Voting App"" project:

The ""Accessible Voting App"" project demonstrates a thoughtful and timely solution to a pressing problem in the political domain. By designing an accessible voting platform, the team has taken a crucial step towards increasing voter turnout and promoting democratic participation. In terms of feasibility, I would rate this project as strong, as the team has clearly considered the technical requirements for building such a platform, and has likely leveraged existing voting systems and accessibility standards to inform their design. Scalability is also a strength, as the app's modular design and cloud-based infrastructure suggest that it could be easily adapted to accommodate varying voter populations and jurisdictions. However, I do have some concerns around ethics, particularly with regards to voter privacy and the potential for bias in the app's design or algorithm. To take this project to the next level, I would recommend that the team engage with disability advocacy groups and election integrity experts to ensure that their solution is truly accessible and trustworthy.",groq-llm
P4,groq-llm,"As an expert reviewer for the hackathon, I evaluated the ""Telemedicine Tracker"" project, which falls under the Health and Technology domains. Here's my assessment:

The Telemedicine Tracker project demonstrates a commendable effort in addressing the pressing need for efficient remote healthcare management. In terms of feasibility, I would rate it 8/10, as the project's concept is well-defined, and the proposed solution appears to be technically viable. The team has demonstrated a good understanding of the telehealth landscape and has identified a specific pain point to tackle. However, I would like to see more details on the technical implementation, particularly regarding data integration with existing Electronic Health Records (EHRs) systems. 

Regarding scalability, I would rate it 7/10. While the project's design appears to be adaptable to various healthcare settings, it lacks a clear strategy for handling a large user base, ensuring data security, and addressing potential interoperability issues. To improve, the project needs to provide a more comprehensive plan for scalability, including infrastructure, data management, and user experience.

Lastly, from an ethical perspective, I would rate it 9/10. The project addresses a critical healthcare need, prioritizes patient privacy, and demonstrates a commitment to HIPAA compliance. However, I would like to see a more explicit discussion about data ownership, anonymization, and the potential risks associated with telemedicine, such as misdiagnosis or delayed treatment. Overall, the Telemedicine Tracker project shows great promise, but the team should focus on refining its technical implementation, scalability strategy, and ethical considerations to elevate its impact.",groq-llm
P5,groq-llm,"Here's my review of the ""Smart Farming Platform"" project:

This project demonstrates a promising application of AI in agriculture, aiming to optimize crop yields and reduce resource waste. In terms of feasibility, I appreciate the team's ability to design a comprehensive platform that considers various factors such as soil health, weather patterns, and crop growth stages. The proposed use of machine learning algorithms to analyze sensor data and provide actionable insights to farmers is well-conceived. However, I do have some concerns regarding the practical implementation of the platform, particularly in terms of data quality, sensor calibration, and ensuring seamless integration with existing farming infrastructure. 

Regarding scalability, I believe the platform has significant potential for widespread adoption, particularly in regions where precision agriculture is still in its infancy. The team's emphasis on developing a user-friendly interface and providing real-time analytics will likely appeal to farmers of varying tech savviness. Nevertheless, to truly achieve scale, the team must consider partnerships with agricultural organizations, research institutions, and government agencies to ensure the platform is adaptable to diverse farming practices and regulatory frameworks.

From an ethical perspective, I commend the team for recognizing the potential risks associated with AI deployment in agriculture, including bias in decision-making and unequal access to marginalized farming communities. The team's commitment to transparency, security, and fairness of the algorithmic decision-making process is crucial in building trust among stakeholders. However, I urge the team to further explore the potential environmental implications of their platform, such as the energy consumption and e-waste generation associated with the sensor infrastructure, to ensure the platform's overall sustainability.",groq-llm
P6,groq-llm,"Here is a review of the ""EdTech Learning Hub"" project:

The ""EdTech Learning Hub"" project demonstrates a commendable effort to harness AI in education, offering a personalized learning platform that adapts to individual students' needs and learning styles. In terms of feasibility, the project's technical scope is well-defined, and the use of established frameworks and tools makes it a realistic undertaking. Nevertheless, the project's reliance on high-quality, diverse educational content and AI-powered assessment tools may pose challenges in terms of data sourcing and algorithmic bias. Scalability is a concern, as the platform's effectiveness may be hindered by the need to accommodate diverse curricula, languages, and regional regulations. From an ethical perspective, it is crucial to consider the potential for biased AI decision-making, data privacy, and the risk of exacerbating existing digital divide in education. To mitigate these risks, the project should prioritize transparent AI auditing, robust data protection protocols, and inclusive design.",groq-llm
P7,groq-llm,"Here is my review of the ""Biodiversity Watch"" project:

In reviewing the ""Biodiversity Watch"" project, I am impressed by the team's ambition to leverage technology to monitor and track biodiversity loss. From a feasibility standpoint, the project's reliance on citizen science and machine learning algorithms to identify species and habitats is well-conceived and builds upon existing research in the field. However, the project's scalability is somewhat limited by its reliance on manual data collection and processing, which may not be sustainable in the long term. Furthermore, from an ethical perspective, the project raises important questions about data privacy and ownership, particularly in contexts where indigenous communities may be disproportionately impacted by environmental degradation. To fully realize its potential, the project would need to prioritize more inclusive and participatory approaches to data gathering and decision-making.",groq-llm
P8,groq-llm,"Here is my review of the ""Policy Feedback Analyzer"" project:

The ""Policy Feedback Analyzer"" project demonstrates a promising concept that leverages AI to analyze policy feedback, but its feasibility is hindered by the complexity of natural language processing and the need for high-quality, diverse training data. While the team's approach is well-intentioned, the project's scalability is limited by its reliance on manual data annotation and the need for continuous updates to accommodate changing policy landscapes. From an ethical standpoint, I am concerned about the potential for bias in the AI model, which could perpetuate existing social inequalities if not carefully addressed through rigorous testing and validation. Overall, while the project has potential, it requires further refinement and attention to these critical feasibility, scalability, and ethical considerations to ensure a viable and socially responsible solution.",groq-llm
P9,groq-llm,"Here is a review of the ""Urban Noise Mapper"" project:

The ""Urban Noise Mapper"" project demonstrates a strong understanding of the environmental and urban domains. In terms of feasibility, the project's goal of creating a crowdsourced noise pollution map is well-defined and achievable, leveraging existing noise-measuring technologies and mobile apps. However, the feasibility score is slightly lowered due to the potential complexity of integrating and standardizing noise measurement methods across different devices and locations. Regarding scalability, the project's crowdsourced approach and use of existing infrastructure make it highly scalable, with the potential to be replicated in cities worldwide. On the ethics front, the project raises important questions about data privacy and potential biases in noise measurement data is collected and presented. To address these concerns, the project team should consider implementing robust data anonymization protocols and ensuring that the noise map is presented in a way that is accessible and understandable to diverse stakeholders. Overall, the ""Urban Noise Mapper"" project shows great promise, but requires careful attention to feasibility, scalability, and social responsibility.",groq-llm
P10,groq-llm,"Here's my review of the ""Privacy Dashboard"" project:

The ""Privacy Dashboard"" project demonstrates a commendable effort to empower users with a centralized platform to monitor and control their online privacy. In terms of feasibility, the project's architecture, which leverages existing APIs and data scraping techniques, appears well-thought-out and adaptable to various data sources. However, I deduct points for the lack of clear protocols for data encryption and secure authentication, which are crucial for a privacy-centric application. Regarding scalability, the project's reliance on API limitations may hinder its ability to handle a large user base, and the team should consider implementing more robust data management system to ensure the dashboard remains responsive under increased load. Ethically, the project raises important questions about data ownership, and informed consent, which the team should address through transparent communication and opt-in features that respect users' autonomy over their personal data. Overall, while the concept is timely and important, the project's technical and ethical shortcomings prevent it from reaching its full potential.",groq-llm
